{"cameraMode":{"drawMode":0,"name":"Shaded","section":"Shading Mode"},"sceneLighting":true,"audioPlay":false,"sceneViewState":{"m_AlwaysRefresh":false,"showFog":true,"showSkybox":true,"showFlares":true,"showImageEffects":true,"showParticleSystems":true,"showVisualEffectGraphs":true,"m_FxEnabled":true},"in2DMode":false,"pivot":{"x":0.7898626327514648,"y":4.3623199462890629,"z":0.9100680351257324},"rotation":{"x":0.5514879822731018,"y":-0.3088334798812866,"z":0.23018017411231996,"w":0.7399334907531738},"size":13.34017276763916,"orthographic":false}