{"cameraMode":{"drawMode":0,"name":"Shaded","section":"Shading Mode"},"sceneLighting":true,"audioPlay":false,"sceneViewState":{"m_AlwaysRefresh":false,"showFog":true,"showSkybox":true,"showFlares":true,"showImageEffects":true,"showParticleSystems":true,"showVisualEffectGraphs":true,"m_FxEnabled":true},"in2DMode":false,"pivot":{"x":1.4625272750854493,"y":1.3574037551879883,"z":0.2678182125091553},"rotation":{"x":0.20468297600746156,"y":-0.6805052757263184,"z":0.20715412497520448,"w":0.6723873615264893},"size":7.734584331512451,"orthographic":false}